Link,Title
https://kr.indeed.com/viewjob?jk=78e77be539dbf026,[정보보안] 모의해킹[책임매니저]
https://kr.indeed.com/viewjob?jk=eda98fd242fe2e6b,ESG Research Intern
https://kr.indeed.com/viewjob?jk=970fbc6c76a1531b,"Staff, Data Scientist (Fulfillment & Transportation)"
https://kr.indeed.com/viewjob?jk=287f5f422c269849,Market Research 담당자 채용
https://kr.indeed.com/viewjob?jk=d83fc0dd2641f483,전문연구요원 (병역특례) 수시 (AI / SW 분야)
https://kr.indeed.com/viewjob?jk=9ce415e3e77e1088,Quantitative Researcher
https://kr.indeed.com/viewjob?jk=4d629fc25872003f,[SNOW] 렌더링 엔진 개발자
https://kr.indeed.com/viewjob?jk=bfdab41ec9b9469f,PM(서비스/개발)
https://kr.indeed.com/viewjob?jk=6d0b76f65c7a3c32,(주)엘솔루 R&D본부 ASR팀 개발직
https://kr.indeed.com/viewjob?jk=3a7627d63e147bb0,[IT] 고객데이터 서비스 플랫폼 기획[책임매니저]
https://kr.indeed.com/viewjob?jk=c35e9b72a11aa338,[신입/경력] 의료영상/음성인식/생체신호 연구원
https://kr.indeed.com/viewjob?jk=c7f844f9e68deab7,[NAVER Cloud] Media 서비스 개발
https://kr.indeed.com/viewjob?jk=4dc59712378908df,Software Engineer
https://kr.indeed.com/viewjob?jk=058e9510f9548e49,인공지능(딥러닝) 로봇 자동화 소프트웨어 개발자(Python우대)
https://kr.indeed.com/viewjob?jk=019a803c31b07724,Digital Design Engineer
https://kr.indeed.com/viewjob?jk=5ad569709941c60f,블록체인 기반 신규 서비스 개발자 (신입/경력)
https://kr.indeed.com/viewjob?jk=2fadb392d2b98351,[디엠씨코넷] 빅데이터 분석 기반 비즈니스개발자 양성 & 취업연계 과정 교육생
https://kr.indeed.com/viewjob?jk=0a57a69a13126ff5,셀프 인테리어 위한 AI 플랫폼 서비스 개발자
https://kr.indeed.com/viewjob?jk=b57a1d4f68494776,Maya Pipeline Developer/ Maya 파이프라인 개발자
https://kr.indeed.com/viewjob?jk=b3c3e8cf34bf9eca,Machine Learning Researcher (Computer Vision)
https://kr.indeed.com/viewjob?jk=3baeeb38be431566,"R&D Engineer, Sr Staff"
https://kr.indeed.com/viewjob?jk=3ceb2849ce07d290,데이터 엔지니어 신입/경력 정규직
https://kr.indeed.com/viewjob?jk=2252bd5d0ed5210a,"Full Stack Software Engineer, TensorFlow Extended (English)"
https://kr.indeed.com/viewjob?jk=f870e8c6ab4babcf,데이터 엔지니어/클라우드 엔지니어/데이터 플랫폼 개발분야 경력사원
https://kr.indeed.com/viewjob?jk=05559bea9218c507,[IT] AI 플랫폼 엔지니어[책임매니저]
https://kr.indeed.com/viewjob?jk=26e18b8d1527c4da,2022년 7월 경력사원 (제조지능화)
https://kr.indeed.com/viewjob?jk=5b0e88a7d6d4afce,[메디픽셀] 딥러닝 & SW 개발 엔지니어
https://kr.indeed.com/viewjob?jk=dd81492d39bcef63,[IT] 검색 데이터 엔지니어[책임매니저]
https://kr.indeed.com/viewjob?jk=532a746d4eb5df7a,ML Engineer (토스뱅크)
https://kr.indeed.com/viewjob?jk=1399ee2f387a27dd,카카오 전체의 계정 플랫폼을 만들 서버개발자 모집
https://kr.indeed.com/viewjob?jk=2cc585f7bc14014c,ASUM 광고 플랫폼 개발자
https://kr.indeed.com/viewjob?jk=7b8092ea43facf0b,CSS Modeler
https://kr.indeed.com/viewjob?jk=12364d487c1288ca,금융 AI (시장 이해) 연구 개발자 모집
https://kr.indeed.com/viewjob?jk=b662586152bc541f,지능형 선별관제 시스템 Dev-Ops 개발자
https://kr.indeed.com/viewjob?jk=8e91aa6c93de1790,딥엑스 NPU SDK (DXNN) 개발 엔지니어
https://kr.indeed.com/viewjob?jk=5c6fe384fabdbd45,서버 백 엔드 개발자
https://kr.indeed.com/viewjob?jk=33b56ce32901a5bc,현대백화점 H.Point팀 데이터 분석/기획 경력
https://kr.indeed.com/viewjob?jk=3ba09aded3b7ac9e,HR Data Analytics 대리급
https://kr.indeed.com/viewjob?jk=a9d6aef90ddf9323,[선행기술원] 연구개발기술분석 _ SW기술분석[책임연구원]
https://kr.indeed.com/viewjob?jk=7de8634c2cd2c926,[선릉역] Customer Support 엔지니어 (사원급)
https://kr.indeed.com/viewjob?jk=b7404340e4697466,[주4.5일] 딥러닝 연구 개발자
https://kr.indeed.com/viewjob?jk=1a9a13e4a1fe1c35,스마트 영상 인식 시스템/ 임베디드 S/W 경력 개발자
https://kr.indeed.com/viewjob?jk=1534f657f0bb8377,"JAVA, Python, R, C, C++ 외 신입/경력 개발자 정규직"
https://kr.indeed.com/viewjob?jk=9df58c398b9780b3,[플레이채팅 유닛(CIC)] 서버 개발자 영입
https://kr.indeed.com/viewjob?jk=f3a1498e09737c29,1015-64 KORSOCO Data Scientist Senior
https://kr.indeed.com/viewjob?jk=d1d26bc871719fe2,대학생인턴십 2기 모집
https://kr.indeed.com/viewjob?jk=b9b9f10660d8f9a9,데이터플랫폼/기준정보[경력]
https://kr.indeed.com/viewjob?jk=1826a21949fcd32b,"AI연구원(NLP, CV) (일6시간, 주5일)"
https://kr.indeed.com/viewjob?jk=705f1a36a7fafed3,은행 정보계 DW 시스템 담당자
https://kr.indeed.com/viewjob?jk=2e2c9563d565eca2,"클레온 백엔드 개발자 경력직, 정규직"
https://kr.indeed.com/viewjob?jk=d4d03b82f1fd02af,"[IT] 서버 엔지니어[매니저, 책임매니저]"
https://kr.indeed.com/viewjob?jk=90b2acb779b19c58,상점 계약 운영기획 담당자
https://kr.indeed.com/viewjob?jk=b6a035d43f41e23b,(인천 송도) 인공지능(AI)분야 Python 개발 인력
https://kr.indeed.com/viewjob?jk=7b0b1d6bf1b37ed4,"Deep Learning Engineer 딥러닝 엔지니어 계약직, 전문연구요원 전문연"
https://kr.indeed.com/viewjob?jk=0b305608d55da082,[빅데이터플랫폼] 데이터 엔지니어
https://kr.indeed.com/viewjob?jk=bc0b04229959306a,[BLive Div.] Data Analyst (경력 무관)
https://kr.indeed.com/viewjob?jk=a1cadbfd3397a394,범용언어모델 기반 응용 개발자
https://kr.indeed.com/viewjob?jk=3f8f8c0b6c5c37c8,[TmaxEdu/R&D] Edu 연구 개발자
https://kr.indeed.com/viewjob?jk=d37ee1c76b41a9aa,[기술본부] 데이터거버넌스 엔지니어
https://kr.indeed.com/viewjob?jk=9dd848427bffac03,리눅스 및 윈도우 개발자
https://kr.indeed.com/viewjob?jk=2cd6860adc411a59,IT Ops Engineer
https://kr.indeed.com/viewjob?jk=ba9495d6cd18791d,DT운영팀 경력직
https://kr.indeed.com/viewjob?jk=36371d8269d02021,[잔디소프트] 개발툴 프로그래머 신입/경력 정규직
https://kr.indeed.com/viewjob?jk=6bf4082df7c99159,[글로벌디지털마케팅] 디지털 데이터 분석 및 운영 담당자 정규직
https://kr.indeed.com/viewjob?jk=42f931a3af46e1cd,[11번가] 빅데이터 처리 시스템 개발 분야
https://kr.indeed.com/viewjob?jk=1d0e51e2e431995b,[농심ENG] 신입/경력사원 정기채용
https://kr.indeed.com/viewjob?jk=69841dcbaf5ae4a6,코미코 데이터 사이언티스트
https://kr.indeed.com/viewjob?jk=ea23e376c32ece8b,Data Scientist (KOREA)
https://kr.indeed.com/viewjob?jk=07aab0cc98af9ffe,AI Frameworks Engineer
https://kr.indeed.com/viewjob?jk=7457253911450fea,[11번가] 광고 추천 시스템 개발자
https://kr.indeed.com/viewjob?jk=c759fe51adbc3ea1,SCM혁신 신입/경력 사원 공개채용
https://kr.indeed.com/viewjob?jk=ad695cb2c767be8b,AI Research Engineer Intern
https://kr.indeed.com/viewjob?jk=37f51a8d4e34cfce,[넥슨코리아] 클라우드 시스템 엔지니어
https://kr.indeed.com/viewjob?jk=6d4c339f382395ab,Technical Support Engineering-AKS
https://kr.indeed.com/viewjob?jk=f6e8740c369a1a55,[개발자 ] 빅데이터플랫폼 / Python 개발 경력자
https://kr.indeed.com/viewjob?jk=9e154b5b00d09b31,Software Engineer - Python and K8s
https://kr.indeed.com/viewjob?jk=77bd7c75f9015ecf,[통합예약솔루션사업부문] 웹 서비스/운영 주니어 개발자. 경력직
https://kr.indeed.com/viewjob?jk=62207843f8aee746,"[광고 추천] 데이터 사이언스, 머신러닝 전문가 영입"
https://kr.indeed.com/viewjob?jk=0229342521a71f63,(주)리얼데이터 분석컨설팅 인력
https://kr.indeed.com/viewjob?jk=7053ff070e1ebb55,데이터 분석 신입/경력 정규직
https://kr.indeed.com/viewjob?jk=22ffe020e40de675,[포티투마루] 인공지능(AI) 개발자 전 부문
https://kr.indeed.com/viewjob?jk=5b94564df8d37e65,AI 비정형 모델 개발
https://kr.indeed.com/viewjob?jk=b3206850d3155b47,스마트 교통 시스템 S/W 개발자 (신입)
https://kr.indeed.com/viewjob?jk=95d4044f1361c4c9,"[AIRS] Data Scientist[연구원, 책임연구원]"
https://kr.indeed.com/viewjob?jk=8e60094702b4fe05,웹시스템 및 솔루션 분야 프로그래머 및 웹퍼블리셔
https://kr.indeed.com/viewjob?jk=579c7166d9139d58,[IT] 경영지원 분야 빅데이터 분석(데이터 사이언티스트)[매니저]
https://kr.indeed.com/viewjob?jk=bec33b19427238a4,(주)작당모의 앱 개발자
https://kr.indeed.com/viewjob?jk=f0c7c08485085240,[마비노기모바일] 연구 개발 프로그래머
https://kr.indeed.com/viewjob?jk=21a968652918907e,소프트웨어(SW) 개발
https://kr.indeed.com/viewjob?jk=4d847e236cb125dd,[실내배송로봇 연구개발] - Robotics Software Engineer 외
https://kr.indeed.com/viewjob?jk=d5288a61691c7502,[웹젠] 보안분석(경력)
https://kr.indeed.com/viewjob?jk=44f52ea73a6d25da,기술 문서 작성 전문가
https://kr.indeed.com/viewjob?jk=45e00aaa269482ed,IT엔지니어 (미경험・해외 거주자OK!)
https://kr.indeed.com/viewjob?jk=bf926e1e103f39b1,[정보보안] 침해대응[매니저]
https://kr.indeed.com/viewjob?jk=7328ad393e24a4df,백엔드 개발자
https://kr.indeed.com/viewjob?jk=7a3bd948cb37d9bf,"[리얼클래스]백엔드 개발자 (Backend Developer, Python)"
https://kr.indeed.com/viewjob?jk=3d5088b1ada7a628,Digital Healthcare(Digital Therapeutics R&D - AI 모델 개발) 경력
https://kr.indeed.com/viewjob?jk=0b15c7881ef76f10,"서버엔진 개발자 정규직 직원 ( C++, Python )"
https://kr.indeed.com/viewjob?jk=d744a4bbc7b193d9,AI 기술 영상합성 Post Processing 개발자
https://kr.indeed.com/viewjob?jk=bd15e84f83648ad8,경복대학교 혁신지원사업단
https://kr.indeed.com/viewjob?jk=2a17dfe5b54e14dd,"2022년 제3차 직원(사무직,업무직)"
https://kr.indeed.com/viewjob?jk=f372ca61fa5a0a18,[우리에프아이에스] 경력직 직원
https://kr.indeed.com/viewjob?jk=1015284880e2ff62,라인프렌즈 2022년 각 부문 수시
https://kr.indeed.com/viewjob?jk=e67cba6ba406ea90,2022년 하반기 IT 직무 수시
https://kr.indeed.com/viewjob?jk=a8a2e292ef8b0528,(신입/인턴) 리서치 사회조사 연구원
https://kr.indeed.com/viewjob?jk=7c13920359c16bdc,[MUSMA] IT 솔루션 스타트업 Data Science 팀원
https://kr.indeed.com/viewjob?jk=60316b7ad62ed396,[11번가] System Engineer 분야
https://kr.indeed.com/viewjob?jk=5875aa3e46b4f383,HR Data Analyst
https://kr.indeed.com/viewjob?jk=2f738dbbc82fa0a5,[11번가] 자연어 및 검색 질의 분석과 처리 위한 시스템 개발 분야
https://kr.indeed.com/viewjob?jk=4cf24d3dd5919469,딥러닝 기반 Computer Vision 개발자
https://kr.indeed.com/viewjob?jk=4abf59df14cb4390,서버 개발자 Python(Django) Developer (주니어)
https://kr.indeed.com/viewjob?jk=547f3779e9910dfa,ITエンジニア
https://kr.indeed.com/viewjob?jk=9c30497c087dbdbb,Data Scientist
https://kr.indeed.com/viewjob?jk=abdc136f65ceddd4,AI 분야
https://kr.indeed.com/viewjob?jk=016de9bb83a8032d,JR0186078 AI Research Engineer Intern
https://kr.indeed.com/viewjob?jk=177f5e94adccf4dc,[IPSOS] 온라인 버즈 빅데이터 분석 경력 연구원/인턴
https://kr.indeed.com/viewjob?jk=67c19d7ac0857ecd,빅데이터 분야
https://kr.indeed.com/viewjob?jk=97e9de2381da633d,Kafka 담당자 영입
https://kr.indeed.com/viewjob?jk=b515669e8032265b,[kt ds] 2022년 각 부문별 경력사원 수시
https://kr.indeed.com/viewjob?jk=6a483ff92a30fbb9,금융공학연구소 신입/경력 (전문연구요원 포함) ~7/17(일) 마감
https://kr.indeed.com/viewjob?jk=b0d41c1e1d898321,BRAIN Research Intern
https://kr.indeed.com/viewjob?jk=4c25d6649f8434a8,[외국계 스타트업 미소] Business Analyst Intern (정규직 전환형)
https://kr.indeed.com/viewjob?jk=24d38e6721dfb0e4,백엔드 개발자(Python)
https://kr.indeed.com/viewjob?jk=c6abf7f3c7f6b984,[11번가] 리테일 상품 Selection Planning 담당자
https://kr.indeed.com/viewjob?jk=e30fe92d72ceb17c,"자율 주행, 로봇 SW 개발자"
https://kr.indeed.com/viewjob?jk=f2eb8cf19b84b2c8,양자컴퓨팅 및 MI(Material Informatics) 신입/경력
https://kr.indeed.com/viewjob?jk=df0bb90702bee2ac,클라우드 기술지원 엔지니어
https://kr.indeed.com/viewjob?jk=4bd25141ca1b8639,2022년 7월 경력사원 (구매)
https://kr.indeed.com/viewjob?jk=d53ce378550fadd9,[디엠씨코넷] 메타버스 구축 위한 XR 콘텐츠 프로그래밍 과정 교육생
https://kr.indeed.com/viewjob?jk=f3b252243810377e,"(보충역) 개발자(python, javascript, php등) 및 Network운영자"
https://kr.indeed.com/viewjob?jk=6d86e9f32d31c84f,Data 분야 경력
https://kr.indeed.com/viewjob?jk=e848c48ef2c20b6a,[11번가] 클라우드 엔지니어
https://kr.indeed.com/viewjob?jk=5a08e103f073e6b1,R&D분야 경력사원 (마곡/대전)
https://kr.indeed.com/viewjob?jk=8ab99f09dbabedc5,Software Engineer Intern
https://kr.indeed.com/viewjob?jk=a91e307a449bbf1f,"Charging Operations Specialist, APAC Charging (English Speaker Needed)"
https://kr.indeed.com/viewjob?jk=4913ff12c6e9d03d,"Actuary, IFRS 17 & K-ICS & Valuation"
https://kr.indeed.com/viewjob?jk=08c907cde463d712,2022년 7월 경력사원 (SCM)
https://kr.indeed.com/viewjob?jk=7d25ed345d03c120,빅데이터 플랫폼(인프라) 운영 담당자 영입
https://kr.indeed.com/viewjob?jk=b17c4bc74e4c9973,[진행중] MyData사업부 전문직(데이터 사이언티스트) 채용공고
https://kr.indeed.com/viewjob?jk=d364360d1e0368e3,Python 기반 빅데이터 처리 개발자
https://kr.indeed.com/viewjob?jk=f54bac6c78fd3240,코딩에 빠진 수퍼 개발자 (펌웨어 개발)
https://kr.indeed.com/viewjob?jk=fc6792be1be1e902,Developer Associate
https://kr.indeed.com/viewjob?jk=7766f49e6de35020,2022년 7월 LG화학 신입사원 (학/석사)
https://kr.indeed.com/viewjob?jk=51df90967b46e8f0,[외국계 스타트업 미소] Business Analyst
https://kr.indeed.com/viewjob?jk=c77efc7bb98239d8,[TmaxOS/R&D] OS부문 개발자
https://kr.indeed.com/viewjob?jk=7b89aebb86d5058d,[인텔리전스랩스] 데이터 분석가 (ML 모델 및 서비스 분석)
https://kr.indeed.com/viewjob?jk=5da880ec62889daf,[11번가] 데이터 아키텍처 분야
https://kr.indeed.com/viewjob?jk=287a2f9783758916,한국행동과학연구소 각 부문 수시
https://kr.indeed.com/viewjob?jk=b74f68a04bfffecb,음성합성(TTS) 기술 전문가
https://kr.indeed.com/viewjob?jk=148c1a1c1cbd1419,[11번가] 데이터 엔지니어 분야
https://kr.indeed.com/viewjob?jk=ceb7434f8a6eb30c,[뉴플랫폼기술] Kubernetes Engineer
https://kr.indeed.com/viewjob?jk=0e25160b5a1d095f,[유통 대기업] Business Analyst(비지니스분석가) 과차장급
https://kr.indeed.com/viewjob?jk=228e6b23849c5128,"AI: 데이터분석 통한 예측모델링, 알고리즘, 개인화 추천 전문가 (과장/대리급), TOP금융그룹 투자"
https://kr.indeed.com/viewjob?jk=d158e683dc0b7500,파이썬 개발자 초중급 이상
https://kr.indeed.com/viewjob?jk=0fcc23b69afc22bb,"Data Center Operations Engineer, DCO (Data Center Operations)"
https://kr.indeed.com/viewjob?jk=443ec988734171bc,"인포테인먼트 기획[연구원, 책임연구원]"
https://kr.indeed.com/viewjob?jk=3cd6f0c5f7dc5574,데이터플랫폼/기준정보 부문 경력
https://kr.indeed.com/viewjob?jk=87309d3ff40ead61,딥러닝 AI 개발 연구원
https://kr.indeed.com/viewjob?jk=0282c5728169ac62,데이터 애널리스트 (Data Analyst)
https://kr.indeed.com/viewjob?jk=78e99625e5de3c95,전문연구요원 (병역특례) 수시 (AI / HW 분야)
https://kr.indeed.com/viewjob?jk=f66929c87ec964b9,[일반직] CGMS 데이터 분석 신입사원 (~7/31)
https://kr.indeed.com/viewjob?jk=e742db63ad7e269f,프론트엔드 개발자/디자이너/기획/마케터 정직원
https://kr.indeed.com/viewjob?jk=d05ef478cc8a9f08,MongoDB 담당자 영입
https://kr.indeed.com/viewjob?jk=cd919aed133f6b4d,빅데이터분석 수시 채용
https://kr.indeed.com/viewjob?jk=e6f79134827d23a7,데이터분석 전문가 모집
https://kr.indeed.com/viewjob?jk=a0174d4b28f83aa4,[SuperLabs] AI 개발자
https://kr.indeed.com/viewjob?jk=e85487d0d81b009b,시스템보안 담당자 채용
https://kr.indeed.com/viewjob?jk=1821f45d4b71b3d8,클라우드 보안 엔지니어
https://kr.indeed.com/viewjob?jk=aac8e9355cb855ac,[인재풀] 아티스트 ART
https://kr.indeed.com/viewjob?jk=c354016a4b230115,AI Edge Device 임베디드 SW 개발자
https://kr.indeed.com/viewjob?jk=79fb95da6dff4025,하반기 신입(채용 연계형 인턴) 수시채용
https://kr.indeed.com/viewjob?jk=35edadb6d2243223,[AI 가상인간 기술 스타트업] (주)유어라운드 AI 연구개발자
https://kr.indeed.com/viewjob?jk=08e3c6a4990ab079,Data Scientist
https://kr.indeed.com/viewjob?jk=97d1b4b365b1b507,AI Backend 시스템 개발 전문가
https://kr.indeed.com/viewjob?jk=ba6a0ebb6ad9cd18,IT 인프라 운영 도구 개발
https://kr.indeed.com/viewjob?jk=8e8514f7d5b659f6,"스팸 및 어뷰징 분석/대응(서버개발, 머신러닝)"
https://kr.indeed.com/viewjob?jk=d817970725257c48,Machine Learning Engineer
https://kr.indeed.com/viewjob?jk=ea23fdac1fec9112,[PPM솔루션 클로바인] 연구소 IT 테크 직군 선행연구 개발자
https://kr.indeed.com/viewjob?jk=4ae5eb5bb613a826,[클라우드플랫폼실] System Engineering팀 클라우드 엔지니어
https://kr.indeed.com/viewjob?jk=4776fb5f48f78d93,금융 AI (시장 미시구조 분야) 연구 개발자 모집
https://kr.indeed.com/viewjob?jk=35c2ac41489508c1,NPU 런타임 SW 엔지니어
https://kr.indeed.com/viewjob?jk=8331b82fdf789814,"경력신입사원 -본사, 울산공장"
https://kr.indeed.com/viewjob?jk=91a52c936ba47b1a,[TmaxAI/R&D] NLP/음성 부문 AI모델 개발자(*전문연구요원 병역특례포함)
https://kr.indeed.com/viewjob?jk=c7ebd04f9b357fea,2022년 7월 경력사원 (설비기술)
https://kr.indeed.com/viewjob?jk=7c527063ea565afa,"Software Engineer, Korea"
https://kr.indeed.com/viewjob?jk=d2bd6281a9514533,[IT] 빅데이터 엔지니어[책임매니저]
https://kr.indeed.com/viewjob?jk=3e33fb90418e675a,[INEEJI]예측/최적화 서비스 AI 엔지니어/프론트엔드 개발자
https://kr.indeed.com/viewjob?jk=45e00aaa269482ed,IT엔지니어 (미경험・해외 거주자OK!)
https://kr.indeed.com/viewjob?jk=b22adf00b47eaa32,AI Research Engineer
https://kr.indeed.com/viewjob?jk=7147ea3d5714b924,Product Manager (Data) (토스뱅크)
https://kr.indeed.com/viewjob?jk=e9f6815cd6ce16f1,"22년 SW개발자 Internship (IT그룹, CTO)"
https://kr.indeed.com/viewjob?jk=3342a2dfc6922e68,반도체 분야별 SoC 엔지니어
https://kr.indeed.com/viewjob?jk=247c20e6a6a0f678,IT분야 개발자
https://kr.indeed.com/viewjob?jk=8a6b6ce0b31ec8d4,클라우드 분야 경력
https://kr.indeed.com/viewjob?jk=d89f7aa7ab9ebc2c,전략 컨설턴트 (데이터 기반)
https://kr.indeed.com/viewjob?jk=c7c700a8d7bd4b6e,Software
https://kr.indeed.com/viewjob?jk=fcca8bee03808ea7,Senior Data Scientist
https://kr.indeed.com/viewjob?jk=3617e30a1af44426,[NHN SOFT] Back-End 경력 개발자
https://kr.indeed.com/viewjob?jk=7737347fd9e94c01,웹 크롤러 전문가
https://kr.indeed.com/viewjob?jk=ca67fad6237aab39,"국내 리딩 뷰티 기업 (서울 용산 근무), Data Analyst"
https://kr.indeed.com/viewjob?jk=1a58bbde08918b54,[인턴십] 센서 실험실 엔지니어 (12개월)
https://kr.indeed.com/viewjob?jk=45e00aaa269482ed,IT엔지니어 (미경험・해외 거주자OK!)
https://kr.indeed.com/viewjob?jk=74dd680945a195f3,AI Frameworks Engineer Intern
https://kr.indeed.com/viewjob?jk=65d17e4704beb445,네트워크 보안 담당자 채용
https://kr.indeed.com/viewjob?jk=df1a4900d5aaae78,경남 인공지능/블록체인 교육과정 (2022 ICT이노베이션스케워 확산 사업)
https://kr.indeed.com/viewjob?jk=26c133b0874ce9ce,[Cartier] Data Analyst
https://kr.indeed.com/viewjob?jk=3b103c333c1e50bd,AI / Big Data 전문가 - 글로벌 전자대기업
https://kr.indeed.com/viewjob?jk=b45a967ef1ead735,Technical Support Engineer-Security
https://kr.indeed.com/viewjob?jk=ecb453d856c16f62,Deep Learning Library 개발자
https://kr.indeed.com/viewjob?jk=89f4196100a94fab,[뉴플랫폼기술] 클라우드 엔지니어(보안)
https://kr.indeed.com/viewjob?jk=d3a063a898d727cc,System Engineer (토스뱅크)
https://kr.indeed.com/viewjob?jk=14f19ddfc9e81ee5,[환경부 제26기] 2022년 물산업 미래인재 양성과정 교육생
https://kr.indeed.com/viewjob?jk=c47568a5a71d438e,2022년 ICT이노베이션스퀘어 인공지능(AI)/블록체인 3기 교육생
https://kr.indeed.com/viewjob?jk=fae823e1abcdb5f4,시니어 백엔드 개발자(Python)
https://kr.indeed.com/viewjob?jk=ae0404f85ccc2ddb,[잔디소프트] 게임 기획 신입/경력 정규직
https://kr.indeed.com/viewjob?jk=8939aa3561d700c2,응용소프트웨어 신입 경력 초빙
https://kr.indeed.com/viewjob?jk=8d82ffc3587320ea,ML/DL Data Scientist
https://kr.indeed.com/viewjob?jk=4803a94f462a78f8,[CA] 웹 스크래핑 엔지니어
https://kr.indeed.com/viewjob?jk=dc05a8dff101cd4a,Python Developer (Internal Product)
https://kr.indeed.com/viewjob?jk=53c7c22b9dacbbe3,서버 개발자 Python(Django) Developer (경력)
https://kr.indeed.com/viewjob?jk=ec5c7ccd76639120,[외국계 스타트업 미소] Data Analyst
https://kr.indeed.com/viewjob?jk=3544467a7b64376f,[전문연구요원] 의료영상 리서치 엔지니어 정규직
https://kr.indeed.com/viewjob?jk=1601f1bfe3302af5,2022년 상반기 백엔드 개발자
https://kr.indeed.com/viewjob?jk=2b9e604e63e7e46d,[카카오커머스] 기술직군
https://kr.indeed.com/viewjob?jk=0cb4a784529cb1b8,Software Engineer
https://kr.indeed.com/viewjob?jk=5ea9ea023c6ccc03,"S/W 엔지니어, 데이터분석 신입/경력 정규직, 인턴"
https://kr.indeed.com/viewjob?jk=753b9bc50fc38bd4,모바일 RPG 게임 기획/개발자 과정 교육생
https://kr.indeed.com/viewjob?jk=4dbb7e94a2ac3b81,"[대기업] 딥러닝 (AI, 영상인식) 전문가 (석박사급)"
https://kr.indeed.com/viewjob?jk=8a434fed99cb2307,"데이터 파이프라인 구축 및 운영[책임매니저(G3), 책임매니저(G4)]"
https://kr.indeed.com/viewjob?jk=a171c678eccc0073,22년 SW개발자 Internship (아이들나라CTO)
https://kr.indeed.com/viewjob?jk=516a88c8754956fd,"Software Engineer, Robotics/SLAM"
https://kr.indeed.com/viewjob?jk=13ef6f86810c0843,"2022년 상반기 주식회사 쏘마 전 개발 직군 (백엔드, 프론트엔드 외 신입/경력 정규직)"
https://kr.indeed.com/viewjob?jk=9fec0388c43ded76,[디엠씨코넷] 빅데이터 예측분석과 모델링 활용한 서비스 개발자 양성과정 교육생
https://kr.indeed.com/viewjob?jk=e68d3e5ddd3fd104,BRAIN Researcher
https://kr.indeed.com/viewjob?jk=90fbc1c2488bed24,R&D 개발 신입 채용
https://kr.indeed.com/viewjob?jk=8af26b37623864c4,8퍼센트 개발자 (신입/경력)
https://kr.indeed.com/viewjob?jk=a97c64d23628727b,AI 분야 경력직 추가 채용
https://kr.indeed.com/viewjob?jk=d50ec733dc9580e2,R&D Center AI Deep Learning Researcher AI 딥러닝 연구원 (전문연구요원)
https://kr.indeed.com/viewjob?jk=908837db33774c3e,Data Analyst
https://kr.indeed.com/viewjob?jk=e13c32ba4eff23da,패션고 추천모델링 연구 개발
https://kr.indeed.com/viewjob?jk=661cf773d598862b,[신입] 미래 인재 DB
https://kr.indeed.com/viewjob?jk=5ab0b45dfa93411b,Data Engineer 신입사원
https://kr.indeed.com/viewjob?jk=d7ea0d6abeeb7301,Software Developer
https://kr.indeed.com/viewjob?jk=b7e9e9d0811a05bd,Graduate Student Intern
https://kr.indeed.com/viewjob?jk=f77f9abb42c655b7,[네이버계열사][NIT Service] 네이버 파이낸셜 플랫폼 운영
https://kr.indeed.com/viewjob?jk=4800ed0bd1febca9,"Customer Engineer, Data Analytics, Google Cloud"
https://kr.indeed.com/viewjob?jk=69d3cc2cca262747,Machine Learning Engineer Intern - Korea
https://kr.indeed.com/viewjob?jk=7d6a16d25a48550f,침해분석대응 (CERT) 인력 모집
https://kr.indeed.com/viewjob?jk=3e31e1e9c95db3ed,[11번가] 금융플랫폼 Back-End Server 개발 분야
https://kr.indeed.com/viewjob?jk=3cd339cf8959f44d,생명정보학 부문 박사졸 선임연구원 정규직 정규직
